{"cameraMode":{"drawMode":0,"name":"Shaded","section":"Shading Mode"},"sceneLighting":true,"audioPlay":false,"sceneViewState":{"showFog":true,"showMaterialUpdate":false,"showSkybox":true,"showFlares":true,"showImageEffects":true,"showParticleSystems":true},"in2DMode":false,"pivot":{"x":0.9344959259033203,"y":-0.21445369720458985,"z":-0.7272834777832031},"rotation":{"x":-0.0822361409664154,"y":0.9100996851921082,"z":-0.21867865324020387,"w":-0.34225156903266909},"size":10.0,"orthographic":false}